1)
  SELECT *
  FROM inventory
  WHERE id=3;

2)
  Summer
  Forward
  Winter

3)

  Display the name, gender, and age of all dogs that are part Labrador.
    SELECT name, gender, age
    FROM dogs
    WHERE breed LIKE '%labrador%';
  Display the ids of all dogs that are under 1 year old.
    SELECT id
    FROM dogs
    WHERE age < 1;
  Display the name and age of all dogs that are female and over 35lbs.
    SELECT name, age
    FROM dogs
    WHERE gender=f AND weight > 35;
  Display all of the information about all dogs that are not Shepherd mixes.
    SELECT *
    FROM dogs
    WHERE breed NOT LIKE '%shepherd%';
  Display the id, age, weight, and breed of all dogs that are either over 60lbs or Great Danes.
    SELECT id, age, weight, breed
    FROM dogs
    WHERE weight > 60 OR breed = 'great dane';

4)
  pets=#   SELECT name, adoption_date FROM cats;
     name   | adoption_date
  ----------+---------------
   Seashell |
    Mushi   | 2016-03-22
   Azul     | 2016-04-17
   Victoire | 2016-09-01
   Nala     |
  (5 rows)

  pets=#   SELECT name, age FROM cats;
     name   | age
  ----------+-----
   Seashell |   7
    Mushi   |   1
   Azul     |   3
   Victoire |   7
   Nala     |   1
  (5 rows)

5)
  Display all the information about all of the available cats.
    SELECT *
    FROM cats;
  Choose one cat of each age to show to potential adopters.
    SELECT name
    FROM cats
    WHERE id = 2 OR id = 5;
  Find all of the names of the cats, so you donâ€™t choose duplicate names for new cats.
    SELECT name
    FROM cats;

6) WHERE id = 4, find item where id is exactly 4
   WHERE id > 4, find all items where id is greater then 4
   WHERE id < 4, find all items where id is less then 4
   WHERE id <= 4, find all items where id is less then or equal to 4
   WHERE id >= 4, find all items where id is greater then or equal to 4
   WHERE id != 4, find all items where id is not 4

7)
  If you copy paste the query the backticks produce an erro but if put
  into single quotes your get

  pets=# SELECT name FROM cats WHERE gender = 'F';
     name
  ----------
   Seashell
   Nala
  (2 rows)

  pets=# SELECT name FROM cats WHERE age <> 3;
     name
  ----------
   Seashell
    Mushi
   Victoire
   Nala
  (4 rows)

  Same issue with the backticks
  pets=# SELECT ID FROM cats WHERE name != 'Mushi' and gender = 'M';
   id
  ----
    1
    3
    4
  (3 rows)
